"","mp_names","mp_parties","mp_url","mp_url_full","interventions","interventions_com"
"1","Ziad Aboultaif","Conservative","/Members/en/ziad-aboultaif(89156)","https://www.ourcommons.ca/Members/en/ziad-aboultaif(89156)","74 in the current session","137 in the current session"
"2","Scott Aitchison","Conservative","/Members/en/scott-aitchison(105340)","https://www.ourcommons.ca/Members/en/scott-aitchison(105340)","36 in the current session","7 in the current session"
"3","Dan Albas","Conservative","/Members/en/dan-albas(72029)","https://www.ourcommons.ca/Members/en/dan-albas(72029)","215 in the current session","401 in the current session"
"4","John Aldag","Liberal","/Members/en/john-aldag(89258)","https://www.ourcommons.ca/Members/en/john-aldag(89258)","52 in the current session","884 in the current session"
"5","Omar Alghabra","Liberal","/Members/en/omar-alghabra(89535)","https://www.ourcommons.ca/Members/en/omar-alghabra(89535)","70 in the current session","211 in the current session"
"6","Shafqat Ali","Liberal","/Members/en/shafqat-ali(110339)","https://www.ourcommons.ca/Members/en/shafqat-ali(110339)","20 in the current session","88 in the current session"
"7","Dean Allison","Conservative","/Members/en/dean-allison(25446)","https://www.ourcommons.ca/Members/en/dean-allison(25446)","17 in the current session","17 in the current session"
"8","Anita Anand","Liberal","/Members/en/anita-anand(96081)","https://www.ourcommons.ca/Members/en/anita-anand(96081)","68 in the current session","140 in the current session"
"9","Gary Anandasangaree","Liberal","/Members/en/gary-anandasangaree(89449)","https://www.ourcommons.ca/Members/en/gary-anandasangaree(89449)","144 in the current session","93 in the current session"
"10","Charlie Angus","NDP","/Members/en/charlie-angus(25470)","https://www.ourcommons.ca/Members/en/charlie-angus(25470)","216 in the current session","467 in the current session"
"11","Mel Arnold","Conservative","/Members/en/mel-arnold(89294)","https://www.ourcommons.ca/Members/en/mel-arnold(89294)","92 in the current session","336 in the current session"
"12","René Arseneault","Liberal","/Members/en/rene-arseneault(89383)","https://www.ourcommons.ca/Members/en/rene-arseneault(89383)","24 in the current session","1022 in the current session"
"13","Chandra Arya","Liberal","/Members/en/chandra-arya(88860)","https://www.ourcommons.ca/Members/en/chandra-arya(88860)","62 in the current session","70 in the current session"
"14","Niki Ashton","NDP","/Members/en/niki-ashton(36037)","https://www.ourcommons.ca/Members/en/niki-ashton(36037)","110 in the current session","237 in the current session"
"15","Jenica Atwin","Liberal","/Members/en/jenica-atwin(104586)","https://www.ourcommons.ca/Members/en/jenica-atwin(104586)","68 in the current session","87 in the current session"
"16","Taylor Bachrach","NDP","/Members/en/taylor-bachrach(105854)","https://www.ourcommons.ca/Members/en/taylor-bachrach(105854)","138 in the current session","349 in the current session"
"17","Vance Badawey","Liberal","/Members/en/vance-badawey(88867)","https://www.ourcommons.ca/Members/en/vance-badawey(88867)","20 in the current session","125 in the current session"
"18","Parm Bains","Liberal","/Members/en/parm-bains(111067)","https://www.ourcommons.ca/Members/en/parm-bains(111067)","15 in the current session","254 in the current session"
"19","Yvan Baker","Liberal","/Members/en/yvan-baker(105121)","https://www.ourcommons.ca/Members/en/yvan-baker(105121)","51 in the current session","403 in the current session"
"20","Tony Baldinelli","Conservative","/Members/en/tony-baldinelli(30330)","https://www.ourcommons.ca/Members/en/tony-baldinelli(30330)","58 in the current session","121 in the current session"
"21","John Barlow","Conservative","/Members/en/john-barlow(86261)","https://www.ourcommons.ca/Members/en/john-barlow(86261)","118 in the current session","264 in the current session"
"22","Michael Barrett","Conservative","/Members/en/michael-barrett(102275)","https://www.ourcommons.ca/Members/en/michael-barrett(102275)","214 in the current session","285 in the current session"
"23","Lisa Marie Barron","NDP","/Members/en/lisa-marie-barron(111023)","https://www.ourcommons.ca/Members/en/lisa-marie-barron(111023)","173 in the current session","292 in the current session"
"24","Xavier Barsalou-Duval","Bloc Québécois","/Members/en/xavier-barsalou-duval(88422)","https://www.ourcommons.ca/Members/en/xavier-barsalou-duval(88422)","104 in the current session","233 in the current session"
"25","Jaime Battiste","Liberal","/Members/en/jaime-battiste(104571)","https://www.ourcommons.ca/Members/en/jaime-battiste(104571)","35 in the current session","54 in the current session"
"26","Mario Beaulieu","Bloc Québécois","/Members/en/mario-beaulieu(376)","https://www.ourcommons.ca/Members/en/mario-beaulieu(376)","119 in the current session","370 in the current session"
"27","Terry Beech","Liberal","/Members/en/terry-beech(89236)","https://www.ourcommons.ca/Members/en/terry-beech(89236)","111 in the current session","166 in the current session"
"28","Rachel Bendayan","Liberal","/Members/en/rachel-bendayan(88567)","https://www.ourcommons.ca/Members/en/rachel-bendayan(88567)","217 in the current session","458 in the current session"
"29","Carolyn Bennett","Liberal","/Members/en/carolyn-bennett(992)","https://www.ourcommons.ca/Members/en/carolyn-bennett(992)","45 in the current session","111 in the current session"
"30","Bob Benzen","Conservative","/Members/en/bob-benzen(96361)","https://www.ourcommons.ca/Members/en/bob-benzen(96361)","None in the current session","45 in the current session"
"31","Candice Bergen","Conservative","/Members/en/candice-bergen(59110)","https://www.ourcommons.ca/Members/en/candice-bergen(59110)","166 in the current session","14 in the current session"
"32","Stéphane Bergeron","Bloc Québécois","/Members/en/stephane-bergeron(496)","https://www.ourcommons.ca/Members/en/stephane-bergeron(496)","75 in the current session","340 in the current session"
"33","Luc Berthold","Conservative","/Members/en/luc-berthold(88541)","https://www.ourcommons.ca/Members/en/luc-berthold(88541)","335 in the current session","81 in the current session"
"34","Sylvie Bérubé","Bloc Québécois","/Members/en/sylvie-berube(104622)","https://www.ourcommons.ca/Members/en/sylvie-berube(104622)","66 in the current session","40 in the current session"
"35","James Bezan","Conservative","/Members/en/james-bezan(25475)","https://www.ourcommons.ca/Members/en/james-bezan(25475)","158 in the current session","313 in the current session"
"36","Marie-Claude Bibeau","Liberal","/Members/en/marie-claude-bibeau(88449)","https://www.ourcommons.ca/Members/en/marie-claude-bibeau(88449)","51 in the current session","89 in the current session"
"37","Chris Bittle","Liberal","/Members/en/chris-bittle(88934)","https://www.ourcommons.ca/Members/en/chris-bittle(88934)","70 in the current session","240 in the current session"
"38","Daniel Blaikie","NDP","/Members/en/daniel-blaikie(89032)","https://www.ourcommons.ca/Members/en/daniel-blaikie(89032)","250 in the current session","668 in the current session"
"39","Bill Blair","Liberal","/Members/en/bill-blair(88961)","https://www.ourcommons.ca/Members/en/bill-blair(88961)","111 in the current session","213 in the current session"
"40","Yves-François Blanchet","Bloc Québécois","/Members/en/yves-francois-blanchet(104669)","https://www.ourcommons.ca/Members/en/yves-francois-blanchet(104669)","180 in the current session","None in the current session"
"41","Maxime Blanchette-Joncas","Bloc Québécois","/Members/en/maxime-blanchette-joncas(104705)","https://www.ourcommons.ca/Members/en/maxime-blanchette-joncas(104705)","110 in the current session","263 in the current session"
"42","Rachel Blaney","NDP","/Members/en/rachel-blaney(89354)","https://www.ourcommons.ca/Members/en/rachel-blaney(89354)","200 in the current session","342 in the current session"
"43","Kelly Block","Conservative","/Members/en/kelly-block(59156)","https://www.ourcommons.ca/Members/en/kelly-block(59156)","69 in the current session","59 in the current session"
"44","Kody Blois","Liberal","/Members/en/kody-blois(104555)","https://www.ourcommons.ca/Members/en/kody-blois(104555)","271 in the current session","774 in the current session"
"45","Randy Boissonnault","Liberal","/Members/en/randy-boissonnault(89147)","https://www.ourcommons.ca/Members/en/randy-boissonnault(89147)","459 in the current session","None in the current session"
"46","Alexandre Boulerice","NDP","/Members/en/alexandre-boulerice(58775)","https://www.ourcommons.ca/Members/en/alexandre-boulerice(58775)","247 in the current session","95 in the current session"
"47","Valerie Bradford","Liberal","/Members/en/valerie-bradford(110487)","https://www.ourcommons.ca/Members/en/valerie-bradford(110487)","19 in the current session","148 in the current session"
"48","Richard Bragdon","Conservative","/Members/en/richard-bragdon(88369)","https://www.ourcommons.ca/Members/en/richard-bragdon(88369)","38 in the current session","82 in the current session"
"49","John Brassard","Conservative","/Members/en/john-brassard(88674)","https://www.ourcommons.ca/Members/en/john-brassard(88674)","337 in the current session","184 in the current session"
"50","Élisabeth Brière","Liberal","/Members/en/elisabeth-briere(104977)","https://www.ourcommons.ca/Members/en/elisabeth-briere(104977)","67 in the current session","118 in the current session"
"51","Larry Brock","Conservative","/Members/en/larry-brock(110354)","https://www.ourcommons.ca/Members/en/larry-brock(110354)","90 in the current session","360 in the current session"
"52","Alexis Brunelle-Duceppe","Bloc Québécois","/Members/en/alexis-brunelle-duceppe(104786)","https://www.ourcommons.ca/Members/en/alexis-brunelle-duceppe(104786)","157 in the current session","726 in the current session"
"53","Blaine Calkins","Conservative","/Members/en/blaine-calkins(35897)","https://www.ourcommons.ca/Members/en/blaine-calkins(35897)","100 in the current session","54 in the current session"
"54","Richard Cannings","NDP","/Members/en/richard-cannings(89327)","https://www.ourcommons.ca/Members/en/richard-cannings(89327)","162 in the current session","151 in the current session"
"55","Frank Caputo","Conservative","/Members/en/frank-caputo(111007)","https://www.ourcommons.ca/Members/en/frank-caputo(111007)","150 in the current session","156 in the current session"
"56","Jim Carr","Liberal","/Members/en/jim-carr(89059)","https://www.ourcommons.ca/Members/en/jim-carr(89059)","28 in the current session","1362 in the current session"
"57","Colin Carrie","Conservative","/Members/en/colin-carrie(25486)","https://www.ourcommons.ca/Members/en/colin-carrie(25486)","50 in the current session","94 in the current session"
"58","Sean Casey","Liberal","/Members/en/sean-casey(71270)","https://www.ourcommons.ca/Members/en/sean-casey(71270)","31 in the current session","1363 in the current session"
"59","Louise Chabot","Bloc Québécois","/Members/en/louise-chabot(104678)","https://www.ourcommons.ca/Members/en/louise-chabot(104678)","138 in the current session","312 in the current session"
"60","Bardish Chagger","Liberal","/Members/en/bardish-chagger(89000)","https://www.ourcommons.ca/Members/en/bardish-chagger(89000)","52 in the current session","946 in the current session"
"61","George Chahal","Liberal","/Members/en/george-chahal(110882)","https://www.ourcommons.ca/Members/en/george-chahal(110882)","48 in the current session","151 in the current session"
"62","Adam Chambers","Conservative","/Members/en/adam-chambers(110649)","https://www.ourcommons.ca/Members/en/adam-chambers(110649)","85 in the current session","454 in the current session"
"63","François-Philippe Champagne","Liberal","/Members/en/francois-philippe-champagne(88633)","https://www.ourcommons.ca/Members/en/francois-philippe-champagne(88633)","73 in the current session","142 in the current session"
"64","Martin Champoux","Bloc Québécois","/Members/en/martin-champoux(104741)","https://www.ourcommons.ca/Members/en/martin-champoux(104741)","199 in the current session","490 in the current session"
"65","Sophie Chatel","Liberal","/Members/en/sophie-chatel(110225)","https://www.ourcommons.ca/Members/en/sophie-chatel(110225)","31 in the current session","299 in the current session"
"66","Shaun Chen","Liberal","/Members/en/shaun-chen(88953)","https://www.ourcommons.ca/Members/en/shaun-chen(88953)","7 in the current session","None in the current session"
"67","Paul Chiang","Liberal","/Members/en/paul-chiang(110513)","https://www.ourcommons.ca/Members/en/paul-chiang(110513)","6 in the current session","123 in the current session"
"68","Michael D. Chong","Conservative","/Members/en/michael-d-chong(25488)","https://www.ourcommons.ca/Members/en/michael-d-chong(25488)","133 in the current session","370 in the current session"
"69","Chad Collins","Liberal","/Members/en/chad-collins(110438)","https://www.ourcommons.ca/Members/en/chad-collins(110438)","23 in the current session","132 in the current session"
"70","Laurel Collins","NDP","/Members/en/laurel-collins(105908)","https://www.ourcommons.ca/Members/en/laurel-collins(105908)","175 in the current session","384 in the current session"
"71","Michael Cooper","Conservative","/Members/en/michael-cooper(89219)","https://www.ourcommons.ca/Members/en/michael-cooper(89219)","139 in the current session","313 in the current session"
"72","Serge Cormier","Liberal","/Members/en/serge-cormier(88350)","https://www.ourcommons.ca/Members/en/serge-cormier(88350)","9 in the current session","171 in the current session"
"73","Michael Coteau","Liberal","/Members/en/michael-coteau(110373)","https://www.ourcommons.ca/Members/en/michael-coteau(110373)","30 in the current session","267 in the current session"
"74","Julie Dabrusin","Liberal","/Members/en/julie-dabrusin(88994)","https://www.ourcommons.ca/Members/en/julie-dabrusin(88994)","90 in the current session","122 in the current session"
"75","Marc Dalton","Conservative","/Members/en/marc-dalton(35909)","https://www.ourcommons.ca/Members/en/marc-dalton(35909)","70 in the current session","54 in the current session"
"76","Pam Damoff","Liberal","/Members/en/pam-damoff(88884)","https://www.ourcommons.ca/Members/en/pam-damoff(88884)","147 in the current session","432 in the current session"
"77","Raquel Dancho","Conservative","/Members/en/raquel-dancho(105521)","https://www.ourcommons.ca/Members/en/raquel-dancho(105521)","137 in the current session","554 in the current session"
"78","Scot Davidson","Conservative","/Members/en/scot-davidson(102653)","https://www.ourcommons.ca/Members/en/scot-davidson(102653)","38 in the current session","18 in the current session"
"79","Don Davies","NDP","/Members/en/don-davies(59325)","https://www.ourcommons.ca/Members/en/don-davies(59325)","160 in the current session","320 in the current session"
"80","Claude DeBellefeuille","Bloc Québécois","/Members/en/claude-debellefeuille(35315)","https://www.ourcommons.ca/Members/en/claude-debellefeuille(35315)","106 in the current session","12 in the current session"
"81","Gérard Deltell","Conservative","/Members/en/gerard-deltell(88535)","https://www.ourcommons.ca/Members/en/gerard-deltell(88535)","238 in the current session","99 in the current session"
"82","Chris d'Entremont","Conservative","/Members/en/chris-dentremont(49344)","https://www.ourcommons.ca/Members/en/chris-dentremont(49344)","3974 in the current session","9 in the current session"
"83","Caroline Desbiens","Bloc Québécois","/Members/en/caroline-desbiens(104715)","https://www.ourcommons.ca/Members/en/caroline-desbiens(104715)","98 in the current session","297 in the current session"
"84","Luc Desilets","Bloc Québécois","/Members/en/luc-desilets(104922)","https://www.ourcommons.ca/Members/en/luc-desilets(104922)","135 in the current session","248 in the current session"
"85","Blake Desjarlais","NDP","/Members/en/blake-desjarlais(110889)","https://www.ourcommons.ca/Members/en/blake-desjarlais(110889)","145 in the current session","194 in the current session"
"86","Sukh Dhaliwal","Liberal","/Members/en/sukh-dhaliwal(31098)","https://www.ourcommons.ca/Members/en/sukh-dhaliwal(31098)","14 in the current session","909 in the current session"
"87","Anju Dhillon","Liberal","/Members/en/anju-dhillon(88453)","https://www.ourcommons.ca/Members/en/anju-dhillon(88453)","58 in the current session","110 in the current session"
"88","Lena Metlege Diab","Liberal","/Members/en/lena-metlege-diab(109915)","https://www.ourcommons.ca/Members/en/lena-metlege-diab(109915)","59 in the current session","162 in the current session"
"89","Todd Doherty","Conservative","/Members/en/todd-doherty(89249)","https://www.ourcommons.ca/Members/en/todd-doherty(89249)","77 in the current session","157 in the current session"
"90","Han Dong","Liberal","/Members/en/han-dong(105091)","https://www.ourcommons.ca/Members/en/han-dong(105091)","26 in the current session","340 in the current session"
"91","Terry Dowdall","Conservative","/Members/en/terry-dowdall(105410)","https://www.ourcommons.ca/Members/en/terry-dowdall(105410)","10 in the current session","102 in the current session"
"92","Earl Dreeshen","Conservative","/Members/en/earl-dreeshen(59226)","https://www.ourcommons.ca/Members/en/earl-dreeshen(59226)","35 in the current session","82 in the current session"
"93","Francis Drouin","Liberal","/Members/en/francis-drouin(88756)","https://www.ourcommons.ca/Members/en/francis-drouin(88756)","75 in the current session","204 in the current session"
"94","Emmanuel Dubourg","Liberal","/Members/en/emmanuel-dubourg(84660)","https://www.ourcommons.ca/Members/en/emmanuel-dubourg(84660)","23 in the current session","505 in the current session"
"95","Jean-Yves Duclos","Liberal","/Members/en/jean-yves-duclos(89408)","https://www.ourcommons.ca/Members/en/jean-yves-duclos(89408)","356 in the current session","250 in the current session"
"96","Terry Duguid","Liberal","/Members/en/terry-duguid(31119)","https://www.ourcommons.ca/Members/en/terry-duguid(31119)","161 in the current session","71 in the current session"
"97","Eric Duncan","Conservative","/Members/en/eric-duncan(105422)","https://www.ourcommons.ca/Members/en/eric-duncan(105422)","74 in the current session","123 in the current session"
"98","Kirsty Duncan","Liberal","/Members/en/kirsty-duncan(58877)","https://www.ourcommons.ca/Members/en/kirsty-duncan(58877)","25 in the current session","533 in the current session"
"99","Julie Dzerowicz","Liberal","/Members/en/julie-dzerowicz(88721)","https://www.ourcommons.ca/Members/en/julie-dzerowicz(88721)","100 in the current session","456 in the current session"
"100","Ali Ehsassi","Liberal","/Members/en/ali-ehsassi(89010)","https://www.ourcommons.ca/Members/en/ali-ehsassi(89010)","21 in the current session","634 in the current session"
"101","Fayçal El-Khoury","Liberal","/Members/en/faycal-el-khoury(88515)","https://www.ourcommons.ca/Members/en/faycal-el-khoury(88515)","13 in the current session","153 in the current session"
"102","Stephen Ellis","Conservative","/Members/en/stephen-ellis(109905)","https://www.ourcommons.ca/Members/en/stephen-ellis(109905)","186 in the current session","374 in the current session"
"103","Dave Epp","Conservative","/Members/en/dave-epp(105082)","https://www.ourcommons.ca/Members/en/dave-epp(105082)","85 in the current session","152 in the current session"
"104","Nathaniel Erskine-Smith","Liberal","/Members/en/nathaniel-erskine-smith(88687)","https://www.ourcommons.ca/Members/en/nathaniel-erskine-smith(88687)","36 in the current session","217 in the current session"
"105","Rosemarie Falk","Conservative","/Members/en/rosemarie-falk(98749)","https://www.ourcommons.ca/Members/en/rosemarie-falk(98749)","46 in the current session","31 in the current session"
"106","Ted Falk","Conservative","/Members/en/ted-falk(84672)","https://www.ourcommons.ca/Members/en/ted-falk(84672)","49 in the current session","96 in the current session"
"107","Ed Fast","Conservative","/Members/en/ed-fast(35904)","https://www.ourcommons.ca/Members/en/ed-fast(35904)","111 in the current session","309 in the current session"
"108","Greg Fergus","Liberal","/Members/en/greg-fergus(88478)","https://www.ourcommons.ca/Members/en/greg-fergus(88478)","72 in the current session","333 in the current session"
"109","Michelle Ferreri","Conservative","/Members/en/michelle-ferreri(110604)","https://www.ourcommons.ca/Members/en/michelle-ferreri(110604)","122 in the current session","202 in the current session"
"110","Andy Fillmore","Liberal","/Members/en/andy-fillmore(88325)","https://www.ourcommons.ca/Members/en/andy-fillmore(88325)","51 in the current session","138 in the current session"
"111","Kerry-Lynne D. Findlay","Conservative","/Members/en/kerry-lynne-d-findlay(20878)","https://www.ourcommons.ca/Members/en/kerry-lynne-d-findlay(20878)","145 in the current session","234 in the current session"
"112","Darren Fisher","Liberal","/Members/en/darren-fisher(88323)","https://www.ourcommons.ca/Members/en/darren-fisher(88323)","62 in the current session","94 in the current session"
"113","Peter Fonseca","Liberal","/Members/en/peter-fonseca(71692)","https://www.ourcommons.ca/Members/en/peter-fonseca(71692)","17 in the current session","2880 in the current session"
"114","Mona Fortier","Liberal","/Members/en/mona-fortier(96356)","https://www.ourcommons.ca/Members/en/mona-fortier(96356)","148 in the current session","152 in the current session"
"115","Rhéal Éloi Fortin","Bloc Québécois","/Members/en/rheal-eloi-fortin(88605)","https://www.ourcommons.ca/Members/en/rheal-eloi-fortin(88605)","105 in the current session","1172 in the current session"
"116","Peter Fragiskatos","Liberal","/Members/en/peter-fragiskatos(88827)","https://www.ourcommons.ca/Members/en/peter-fragiskatos(88827)","73 in the current session","162 in the current session"
"117","Sean Fraser","Liberal","/Members/en/sean-fraser(88316)","https://www.ourcommons.ca/Members/en/sean-fraser(88316)","127 in the current session","392 in the current session"
"118","Chrystia Freeland","Liberal","/Members/en/chrystia-freeland(84665)","https://www.ourcommons.ca/Members/en/chrystia-freeland(84665)","443 in the current session","240 in the current session"
"119","Hedy Fry","Liberal","/Members/en/hedy-fry(1589)","https://www.ourcommons.ca/Members/en/hedy-fry(1589)","41 in the current session","2189 in the current session"
"120","Iqwinder Gaheer","Liberal","/Members/en/iqwinder-gaheer(110534)","https://www.ourcommons.ca/Members/en/iqwinder-gaheer(110534)","20 in the current session","124 in the current session"
"121","Cheryl Gallant","Conservative","/Members/en/cheryl-gallant(1809)","https://www.ourcommons.ca/Members/en/cheryl-gallant(1809)","99 in the current session","219 in the current session"
"122","Marc Garneau","Liberal","/Members/en/marc-garneau(10524)","https://www.ourcommons.ca/Members/en/marc-garneau(10524)","24 in the current session","1490 in the current session"
"123","Jean-Denis Garon","Bloc Québécois","/Members/en/jean-denis-garon(110189)","https://www.ourcommons.ca/Members/en/jean-denis-garon(110189)","214 in the current session","297 in the current session"
"124","Randall Garrison","NDP","/Members/en/randall-garrison(71995)","https://www.ourcommons.ca/Members/en/randall-garrison(71995)","106 in the current session","268 in the current session"
"125","Marie-Hélène Gaudreau","Bloc Québécois","/Members/en/marie-helene-gaudreau(104806)","https://www.ourcommons.ca/Members/en/marie-helene-gaudreau(104806)","107 in the current session","188 in the current session"
"126","Leah Gazan","NDP","/Members/en/leah-gazan(87121)","https://www.ourcommons.ca/Members/en/leah-gazan(87121)","161 in the current session","323 in the current session"
"127","Bernard Généreux","Conservative","/Members/en/bernard-genereux(63908)","https://www.ourcommons.ca/Members/en/bernard-genereux(63908)","89 in the current session","256 in the current session"
"128","Garnett Genuis","Conservative","/Members/en/garnett-genuis(89226)","https://www.ourcommons.ca/Members/en/garnett-genuis(89226)","544 in the current session","707 in the current session"
"129","Mark Gerretsen","Liberal","/Members/en/mark-gerretsen(88802)","https://www.ourcommons.ca/Members/en/mark-gerretsen(88802)","816 in the current session","61 in the current session"
"130","Marilène Gill","Bloc Québécois","/Members/en/marilene-gill(88538)","https://www.ourcommons.ca/Members/en/marilene-gill(88538)","126 in the current session","306 in the current session"
"131","Marilyn Gladu","Conservative","/Members/en/marilyn-gladu(88938)","https://www.ourcommons.ca/Members/en/marilyn-gladu(88938)","136 in the current session","299 in the current session"
"132","Joël Godin","Conservative","/Members/en/joel-godin(89407)","https://www.ourcommons.ca/Members/en/joel-godin(89407)","63 in the current session","381 in the current session"
"133","Laila Goodridge","Conservative","/Members/en/laila-goodridge(110918)","https://www.ourcommons.ca/Members/en/laila-goodridge(110918)","119 in the current session","256 in the current session"
"134","Karina Gould","Liberal","/Members/en/karina-gould(88715)","https://www.ourcommons.ca/Members/en/karina-gould(88715)","198 in the current session","58 in the current session"
"135","Jacques Gourde","Conservative","/Members/en/jacques-gourde(35397)","https://www.ourcommons.ca/Members/en/jacques-gourde(35397)","57 in the current session","142 in the current session"
"136","Tracy Gray","Conservative","/Members/en/tracy-gray(105802)","https://www.ourcommons.ca/Members/en/tracy-gray(105802)","179 in the current session","291 in the current session"
"137","Matthew Green","NDP","/Members/en/matthew-green(93023)","https://www.ourcommons.ca/Members/en/matthew-green(93023)","114 in the current session","1241 in the current session"
"138","Steven Guilbeault","Liberal","/Members/en/steven-guilbeault(14171)","https://www.ourcommons.ca/Members/en/steven-guilbeault(14171)","190 in the current session","174 in the current session"
"139","Patty Hajdu","Liberal","/Members/en/patty-hajdu(88984)","https://www.ourcommons.ca/Members/en/patty-hajdu(88984)","37 in the current session","93 in the current session"
"140","Jasraj Singh Hallan","Conservative","/Members/en/jasraj-singh-hallan(105630)","https://www.ourcommons.ca/Members/en/jasraj-singh-hallan(105630)","155 in the current session","216 in the current session"
"141","Brendan Hanley","Liberal","/Members/en/brendan-hanley(111109)","https://www.ourcommons.ca/Members/en/brendan-hanley(111109)","47 in the current session","169 in the current session"
"142","Ken Hardie","Liberal","/Members/en/ken-hardie(89274)","https://www.ourcommons.ca/Members/en/ken-hardie(89274)","87 in the current session","440 in the current session"
"143","Lisa Hepfner","Liberal","/Members/en/lisa-hepfner(110446)","https://www.ourcommons.ca/Members/en/lisa-hepfner(110446)","32 in the current session","269 in the current session"
"144","Randy Hoback","Conservative","/Members/en/randy-hoback(59148)","https://www.ourcommons.ca/Members/en/randy-hoback(59148)","73 in the current session","186 in the current session"
"145","Mark Holland","Liberal","/Members/en/mark-holland(25508)","https://www.ourcommons.ca/Members/en/mark-holland(25508)","297 in the current session","31 in the current session"
"146","Anthony Housefather","Liberal","/Members/en/anthony-housefather(88558)","https://www.ourcommons.ca/Members/en/anthony-housefather(88558)","68 in the current session","487 in the current session"
"147","Carol Hughes","NDP","/Members/en/carol-hughes(31289)","https://www.ourcommons.ca/Members/en/carol-hughes(31289)","2122 in the current session","4 in the current session"
"148","Ahmed Hussen","Liberal","/Members/en/ahmed-hussen(89020)","https://www.ourcommons.ca/Members/en/ahmed-hussen(89020)","144 in the current session","127 in the current session"
"149","Gudie Hutchings","Liberal","/Members/en/gudie-hutchings(88292)","https://www.ourcommons.ca/Members/en/gudie-hutchings(88292)","20 in the current session","7 in the current session"
"150","Angelo Iacono","Liberal","/Members/en/angelo-iacono(71337)","https://www.ourcommons.ca/Members/en/angelo-iacono(71337)","40 in the current session","243 in the current session"
"151","Lori Idlout","NDP","/Members/en/lori-idlout(111116)","https://www.ourcommons.ca/Members/en/lori-idlout(111116)","241 in the current session","322 in the current session"
"152","Marci Ien","Liberal","/Members/en/marci-ien(107097)","https://www.ourcommons.ca/Members/en/marci-ien(107097)","21 in the current session","67 in the current session"
"153","Helena Jaczek","Liberal","/Members/en/helena-jaczek(105229)","https://www.ourcommons.ca/Members/en/helena-jaczek(105229)","11 in the current session","None in the current session"
"154","Matt Jeneroux","Conservative","/Members/en/matt-jeneroux(89167)","https://www.ourcommons.ca/Members/en/matt-jeneroux(89167)","58 in the current session","134 in the current session"
"155","Gord Johns","NDP","/Members/en/gord-johns(89263)","https://www.ourcommons.ca/Members/en/gord-johns(89263)","324 in the current session","443 in the current session"
"156","Mélanie Joly","Liberal","/Members/en/melanie-joly(88384)","https://www.ourcommons.ca/Members/en/melanie-joly(88384)","176 in the current session","168 in the current session"
"157","Yvonne Jones","Liberal","/Members/en/yvonne-jones(13218)","https://www.ourcommons.ca/Members/en/yvonne-jones(13218)","66 in the current session","45 in the current session"
"158","Majid Jowhari","Liberal","/Members/en/majid-jowhari(88929)","https://www.ourcommons.ca/Members/en/majid-jowhari(88929)","46 in the current session","211 in the current session"
"159","Peter Julian","NDP","/Members/en/peter-julian(16399)","https://www.ourcommons.ca/Members/en/peter-julian(16399)","273 in the current session","626 in the current session"
"160","Arielle Kayabaga","Liberal","/Members/en/arielle-kayabaga(110502)","https://www.ourcommons.ca/Members/en/arielle-kayabaga(110502)","41 in the current session","181 in the current session"
"161","Mike Kelloway","Liberal","/Members/en/mike-kelloway(104531)","https://www.ourcommons.ca/Members/en/mike-kelloway(104531)","37 in the current session","109 in the current session"
"162","Pat Kelly","Conservative","/Members/en/pat-kelly(89130)","https://www.ourcommons.ca/Members/en/pat-kelly(89130)","104 in the current session","1323 in the current session"
"163","Iqra Khalid","Liberal","/Members/en/iqra-khalid(88849)","https://www.ourcommons.ca/Members/en/iqra-khalid(88849)","53 in the current session","287 in the current session"
"164","Kamal Khera","Liberal","/Members/en/kamal-khera(88705)","https://www.ourcommons.ca/Members/en/kamal-khera(88705)","99 in the current session","21 in the current session"
"165","Robert Kitchen","Conservative","/Members/en/robert-kitchen(89095)","https://www.ourcommons.ca/Members/en/robert-kitchen(89095)","73 in the current session","925 in the current session"
"166","Tom Kmiec","Conservative","/Members/en/tom-kmiec(89136)","https://www.ourcommons.ca/Members/en/tom-kmiec(89136)","153 in the current session","135 in the current session"
"167","Annie Koutrakis","Liberal","/Members/en/annie-koutrakis(105009)","https://www.ourcommons.ca/Members/en/annie-koutrakis(105009)","42 in the current session","117 in the current session"
"168","Michael Kram","Conservative","/Members/en/michael-kram(89080)","https://www.ourcommons.ca/Members/en/michael-kram(89080)","34 in the current session","190 in the current session"
"169","Shelby Kramp-Neuman","Conservative","/Members/en/shelby-kramp-neuman(110454)","https://www.ourcommons.ca/Members/en/shelby-kramp-neuman(110454)","110 in the current session","128 in the current session"
"170","Damien C. Kurek","Conservative","/Members/en/damien-c-kurek(105614)","https://www.ourcommons.ca/Members/en/damien-c-kurek(105614)","240 in the current session","232 in the current session"
"171","Stephanie Kusie","Conservative","/Members/en/stephanie-kusie(96367)","https://www.ourcommons.ca/Members/en/stephanie-kusie(96367)","149 in the current session","258 in the current session"
"172","Irek Kusmierczyk","Liberal","/Members/en/irek-kusmierczyk(71820)","https://www.ourcommons.ca/Members/en/irek-kusmierczyk(71820)","79 in the current session","157 in the current session"
"173","Jenny Kwan","NDP","/Members/en/jenny-kwan(89346)","https://www.ourcommons.ca/Members/en/jenny-kwan(89346)","233 in the current session","731 in the current session"
"174","Mike Lake","Conservative","/Members/en/mike-lake(35857)","https://www.ourcommons.ca/Members/en/mike-lake(35857)","46 in the current session","189 in the current session"
"175","Marie-France Lalonde","Liberal","/Members/en/marie-france-lalonde(92209)","https://www.ourcommons.ca/Members/en/marie-france-lalonde(92209)","103 in the current session","93 in the current session"
"176","Emmanuella Lambropoulos","Liberal","/Members/en/emmanuella-lambropoulos(96350)","https://www.ourcommons.ca/Members/en/emmanuella-lambropoulos(96350)","31 in the current session","151 in the current session"
"177","David Lametti","Liberal","/Members/en/david-lametti(88501)","https://www.ourcommons.ca/Members/en/david-lametti(88501)","165 in the current session","233 in the current session"
"178","Kevin Lamoureux","Liberal","/Members/en/kevin-lamoureux(30552)","https://www.ourcommons.ca/Members/en/kevin-lamoureux(30552)","1430 in the current session","22 in the current session"
"179","Melissa Lantsman","Conservative","/Members/en/melissa-lantsman(110665)","https://www.ourcommons.ca/Members/en/melissa-lantsman(110665)","203 in the current session","134 in the current session"
"180","Viviane Lapointe","Liberal","/Members/en/viviane-lapointe(110663)","https://www.ourcommons.ca/Members/en/viviane-lapointe(110663)","28 in the current session","194 in the current session"
"181","Andréanne Larouche","Bloc Québécois","/Members/en/andreanne-larouche(104973)","https://www.ourcommons.ca/Members/en/andreanne-larouche(104973)","217 in the current session","325 in the current session"
"182","Patricia Lattanzio","Liberal","/Members/en/patricia-lattanzio(104957)","https://www.ourcommons.ca/Members/en/patricia-lattanzio(104957)","18 in the current session","150 in the current session"
"183","Stéphane Lauzon","Liberal","/Members/en/stephane-lauzon(88394)","https://www.ourcommons.ca/Members/en/stephane-lauzon(88394)","41 in the current session","102 in the current session"
"184","Philip Lawrence","Conservative","/Members/en/philip-lawrence(105291)","https://www.ourcommons.ca/Members/en/philip-lawrence(105291)","130 in the current session","361 in the current session"
"185","Dominic LeBlanc","Liberal","/Members/en/dominic-leblanc(1813)","https://www.ourcommons.ca/Members/en/dominic-leblanc(1813)","38 in the current session","104 in the current session"
"186","Diane Lebouthillier","Liberal","/Members/en/diane-lebouthillier(88460)","https://www.ourcommons.ca/Members/en/diane-lebouthillier(88460)","35 in the current session","None in the current session"
"187","Richard Lehoux","Conservative","/Members/en/richard-lehoux(104653)","https://www.ourcommons.ca/Members/en/richard-lehoux(104653)","77 in the current session","207 in the current session"
"188","Sébastien Lemire","Bloc Québécois","/Members/en/sebastien-lemire(104630)","https://www.ourcommons.ca/Members/en/sebastien-lemire(104630)","146 in the current session","588 in the current session"
"189","Chris Lewis","Conservative","/Members/en/chris-lewis(105120)","https://www.ourcommons.ca/Members/en/chris-lewis(105120)","45 in the current session","111 in the current session"
"190","Leslyn Lewis","Conservative","/Members/en/leslyn-lewis(88958)","https://www.ourcommons.ca/Members/en/leslyn-lewis(88958)","42 in the current session","51 in the current session"
"191","Ron Liepert","Conservative","/Members/en/ron-liepert(89139)","https://www.ourcommons.ca/Members/en/ron-liepert(89139)","5 in the current session","48 in the current session"
"192","Joël Lightbound","Liberal","/Members/en/joel-lightbound(88532)","https://www.ourcommons.ca/Members/en/joel-lightbound(88532)","15 in the current session","915 in the current session"
"193","Dane Lloyd","Conservative","/Members/en/dane-lloyd(98079)","https://www.ourcommons.ca/Members/en/dane-lloyd(98079)","104 in the current session","454 in the current session"
"194","Ben Lobb","Conservative","/Members/en/ben-lobb(35600)","https://www.ourcommons.ca/Members/en/ben-lobb(35600)","37 in the current session","231 in the current session"
"195","Wayne Long","Liberal","/Members/en/wayne-long(88368)","https://www.ourcommons.ca/Members/en/wayne-long(88368)","15 in the current session","145 in the current session"
"196","Lloyd Longfield","Liberal","/Members/en/lloyd-longfield(88761)","https://www.ourcommons.ca/Members/en/lloyd-longfield(88761)","72 in the current session","159 in the current session"
"197","Tim Louis","Liberal","/Members/en/tim-louis(88810)","https://www.ourcommons.ca/Members/en/tim-louis(88810)","42 in the current session","189 in the current session"
"198","Lawrence MacAulay","Liberal","/Members/en/lawrence-macaulay(33)","https://www.ourcommons.ca/Members/en/lawrence-macaulay(33)","15 in the current session","120 in the current session"
"199","Heath MacDonald","Liberal","/Members/en/heath-macdonald(109891)","https://www.ourcommons.ca/Members/en/heath-macdonald(109891)","13 in the current session","269 in the current session"
"200","Alistair MacGregor","NDP","/Members/en/alistair-macgregor(89269)","https://www.ourcommons.ca/Members/en/alistair-macgregor(89269)","180 in the current session","741 in the current session"
"201","Dave MacKenzie","Conservative","/Members/en/dave-mackenzie(891)","https://www.ourcommons.ca/Members/en/dave-mackenzie(891)","12 in the current session","None in the current session"
"202","Steven MacKinnon","Liberal","/Members/en/steven-mackinnon(88468)","https://www.ourcommons.ca/Members/en/steven-mackinnon(88468)","46 in the current session","None in the current session"
"203","Larry Maguire","Conservative","/Members/en/larry-maguire(7251)","https://www.ourcommons.ca/Members/en/larry-maguire(7251)","91 in the current session","189 in the current session"
"204","James Maloney","Liberal","/Members/en/james-maloney(88748)","https://www.ourcommons.ca/Members/en/james-maloney(88748)","33 in the current session","305 in the current session"
"205","Richard Martel","Conservative","/Members/en/richard-martel(100521)","https://www.ourcommons.ca/Members/en/richard-martel(100521)","36 in the current session","204 in the current session"
"206","Soraya Martinez Ferrada","Liberal","/Members/en/soraya-martinez-ferrada(104756)","https://www.ourcommons.ca/Members/en/soraya-martinez-ferrada(104756)","120 in the current session","150 in the current session"
"207","Brian Masse","NDP","/Members/en/brian-masse(9137)","https://www.ourcommons.ca/Members/en/brian-masse(9137)","107 in the current session","553 in the current session"
"208","Lindsay Mathyssen","NDP","/Members/en/lindsay-mathyssen(105221)","https://www.ourcommons.ca/Members/en/lindsay-mathyssen(105221)","127 in the current session","187 in the current session"
"209","Bryan May","Liberal","/Members/en/bryan-may(71599)","https://www.ourcommons.ca/Members/en/bryan-may(71599)","57 in the current session","99 in the current session"
"210","Elizabeth May","Green Party","/Members/en/elizabeth-may(2897)","https://www.ourcommons.ca/Members/en/elizabeth-may(2897)","589 in the current session","84 in the current session"
"211","Dan Mazier","Conservative","/Members/en/dan-mazier(3306)","https://www.ourcommons.ca/Members/en/dan-mazier(3306)","67 in the current session","212 in the current session"
"212","Kelly McCauley","Conservative","/Members/en/kelly-mccauley(89179)","https://www.ourcommons.ca/Members/en/kelly-mccauley(89179)","165 in the current session","767 in the current session"
"213","Ken McDonald","Liberal","/Members/en/ken-mcdonald(88283)","https://www.ourcommons.ca/Members/en/ken-mcdonald(88283)","34 in the current session","1186 in the current session"
"214","David J. McGuinty","Liberal","/Members/en/david-j-mcguinty(9486)","https://www.ourcommons.ca/Members/en/david-j-mcguinty(9486)","16 in the current session","None in the current session"
"215","John McKay","Liberal","/Members/en/john-mckay(957)","https://www.ourcommons.ca/Members/en/john-mckay(957)","77 in the current session","716 in the current session"
"216","Ron McKinnon","Liberal","/Members/en/ron-mckinnon(59293)","https://www.ourcommons.ca/Members/en/ron-mckinnon(59293)","11 in the current session","477 in the current session"
"217","Greg McLean","Conservative","/Members/en/greg-mclean(105623)","https://www.ourcommons.ca/Members/en/greg-mclean(105623)","129 in the current session","497 in the current session"
"218","Michael V. McLeod","Liberal","/Members/en/michael-v-mcleod(89374)","https://www.ourcommons.ca/Members/en/michael-v-mcleod(89374)","11 in the current session","61 in the current session"
"219","Heather McPherson","NDP","/Members/en/heather-mcpherson(105689)","https://www.ourcommons.ca/Members/en/heather-mcpherson(105689)","273 in the current session","515 in the current session"
"220","Eric Melillo","Conservative","/Members/en/eric-melillo(105186)","https://www.ourcommons.ca/Members/en/eric-melillo(105186)","105 in the current session","87 in the current session"
"221","Alexandra Mendès","Liberal","/Members/en/alexandra-mendes(58621)","https://www.ourcommons.ca/Members/en/alexandra-mendes(58621)","1941 in the current session","None in the current session"
"222","Marco Mendicino","Liberal","/Members/en/marco-mendicino(88738)","https://www.ourcommons.ca/Members/en/marco-mendicino(88738)","406 in the current session","424 in the current session"
"223","Wilson Miao","Liberal","/Members/en/wilson-miao(111048)","https://www.ourcommons.ca/Members/en/wilson-miao(111048)","16 in the current session","139 in the current session"
"224","Kristina Michaud","Bloc Québécois","/Members/en/kristina-michaud(104648)","https://www.ourcommons.ca/Members/en/kristina-michaud(104648)","242 in the current session","334 in the current session"
"225","Marc Miller","Liberal","/Members/en/marc-miller(88660)","https://www.ourcommons.ca/Members/en/marc-miller(88660)","79 in the current session","108 in the current session"
"226","Rob Moore","Conservative","/Members/en/rob-moore(17210)","https://www.ourcommons.ca/Members/en/rob-moore(17210)","78 in the current session","151 in the current session"
"227","Marty Morantz","Conservative","/Members/en/marty-morantz(105511)","https://www.ourcommons.ca/Members/en/marty-morantz(105511)","90 in the current session","365 in the current session"
"228","Mike Morrice","Green Party","/Members/en/mike-morrice(110476)","https://www.ourcommons.ca/Members/en/mike-morrice(110476)","286 in the current session","53 in the current session"
"229","Rob Morrison","Conservative","/Members/en/rob-morrison(105807)","https://www.ourcommons.ca/Members/en/rob-morrison(105807)","27 in the current session","70 in the current session"
"230","Robert J. Morrissey","Liberal","/Members/en/robert-j-morrissey(88308)","https://www.ourcommons.ca/Members/en/robert-j-morrissey(88308)","13 in the current session","1474 in the current session"
"231","Glen Motz","Conservative","/Members/en/glen-motz(94305)","https://www.ourcommons.ca/Members/en/glen-motz(94305)","62 in the current session","432 in the current session"
"232","Joyce Murray","Liberal","/Members/en/joyce-murray(35950)","https://www.ourcommons.ca/Members/en/joyce-murray(35950)","318 in the current session","132 in the current session"
"233","Dan Muys","Conservative","/Members/en/dan-muys(110415)","https://www.ourcommons.ca/Members/en/dan-muys(110415)","41 in the current session","80 in the current session"
"234","Yasir Naqvi","Liberal","/Members/en/yasir-naqvi(110572)","https://www.ourcommons.ca/Members/en/yasir-naqvi(110572)","100 in the current session","213 in the current session"
"235","John Nater","Conservative","/Members/en/john-nater(88917)","https://www.ourcommons.ca/Members/en/john-nater(88917)","130 in the current session","527 in the current session"
"236","Mary Ng","Liberal","/Members/en/mary-ng(96352)","https://www.ourcommons.ca/Members/en/mary-ng(96352)","88 in the current session","92 in the current session"
"237","Taleeb Noormohamed","Liberal","/Members/en/taleeb-noormohamed(72023)","https://www.ourcommons.ca/Members/en/taleeb-noormohamed(72023)","86 in the current session","198 in the current session"
"238","Christine Normandin","Bloc Québécois","/Members/en/christine-normandin(104947)","https://www.ourcommons.ca/Members/en/christine-normandin(104947)","195 in the current session","285 in the current session"
"239","Jennifer O'Connell","Liberal","/Members/en/jennifer-oconnell(88925)","https://www.ourcommons.ca/Members/en/jennifer-oconnell(88925)","63 in the current session","77 in the current session"
"240","Robert Oliphant","Liberal","/Members/en/robert-oliphant(58858)","https://www.ourcommons.ca/Members/en/robert-oliphant(58858)","87 in the current session","213 in the current session"
"241","Seamus O'Regan","Liberal","/Members/en/seamus-oregan(88299)","https://www.ourcommons.ca/Members/en/seamus-oregan(88299)","41 in the current session","89 in the current session"
"242","Erin O'Toole","Conservative","/Members/en/erin-otoole(72773)","https://www.ourcommons.ca/Members/en/erin-otoole(72773)","88 in the current session","23 in the current session"
"243","Jeremy Patzer","Conservative","/Members/en/jeremy-patzer(105559)","https://www.ourcommons.ca/Members/en/jeremy-patzer(105559)","116 in the current session","152 in the current session"
"244","Pierre Paul-Hus","Conservative","/Members/en/pierre-paul-hus(71454)","https://www.ourcommons.ca/Members/en/pierre-paul-hus(71454)","199 in the current session","251 in the current session"
"245","Monique Pauzé","Bloc Québécois","/Members/en/monique-pauze(88595)","https://www.ourcommons.ca/Members/en/monique-pauze(88595)","144 in the current session","287 in the current session"
"246","Rick Perkins","Conservative","/Members/en/rick-perkins(109922)","https://www.ourcommons.ca/Members/en/rick-perkins(109922)","176 in the current session","346 in the current session"
"247","Yves Perron","Bloc Québécois","/Members/en/yves-perron(88418)","https://www.ourcommons.ca/Members/en/yves-perron(88418)","251 in the current session","414 in the current session"
"248","Ginette Petitpas Taylor","Liberal","/Members/en/ginette-petitpas-taylor(88364)","https://www.ourcommons.ca/Members/en/ginette-petitpas-taylor(88364)","92 in the current session","49 in the current session"
"249","Louis Plamondon","Bloc Québécois","/Members/en/louis-plamondon(413)","https://www.ourcommons.ca/Members/en/louis-plamondon(413)","32 in the current session","None in the current session"
"250","Pierre Poilievre","Conservative","/Members/en/pierre-poilievre(25524)","https://www.ourcommons.ca/Members/en/pierre-poilievre(25524)","333 in the current session","415 in the current session"
"251","Marcus Powlowski","Liberal","/Members/en/marcus-powlowski(105437)","https://www.ourcommons.ca/Members/en/marcus-powlowski(105437)","22 in the current session","181 in the current session"
"252","Carla Qualtrough","Liberal","/Members/en/carla-qualtrough(89272)","https://www.ourcommons.ca/Members/en/carla-qualtrough(89272)","91 in the current session","56 in the current session"
"253","Alain Rayes","Independent","/Members/en/alain-rayes(88600)","https://www.ourcommons.ca/Members/en/alain-rayes(88600)","61 in the current session","None in the current session"
"254","Brad Redekopp","Conservative","/Members/en/brad-redekopp(105598)","https://www.ourcommons.ca/Members/en/brad-redekopp(105598)","82 in the current session","156 in the current session"
"255","Scott Reid","Conservative","/Members/en/scott-reid(1827)","https://www.ourcommons.ca/Members/en/scott-reid(1827)","59 in the current session","None in the current session"
"256","Michelle Rempel Garner","Conservative","/Members/en/michelle-rempel-garner(71902)","https://www.ourcommons.ca/Members/en/michelle-rempel-garner(71902)","122 in the current session","134 in the current session"
"257","Blake Richards","Conservative","/Members/en/blake-richards(59235)","https://www.ourcommons.ca/Members/en/blake-richards(59235)","57 in the current session","63 in the current session"
"258","Anna Roberts","Conservative","/Members/en/anna-roberts(105191)","https://www.ourcommons.ca/Members/en/anna-roberts(105191)","57 in the current session","63 in the current session"
"259","Yves Robillard","Liberal","/Members/en/yves-robillard(88617)","https://www.ourcommons.ca/Members/en/yves-robillard(88617)","7 in the current session","22 in the current session"
"260","Pablo Rodriguez","Liberal","/Members/en/pablo-rodriguez(25451)","https://www.ourcommons.ca/Members/en/pablo-rodriguez(25451)","98 in the current session","266 in the current session"
"261","Churence Rogers","Liberal","/Members/en/churence-rogers(98744)","https://www.ourcommons.ca/Members/en/churence-rogers(98744)","17 in the current session","137 in the current session"
"262","Sherry Romanado","Liberal","/Members/en/sherry-romanado(88521)","https://www.ourcommons.ca/Members/en/sherry-romanado(88521)","113 in the current session","83 in the current session"
"263","Lianne Rood","Conservative","/Members/en/lianne-rood(105210)","https://www.ourcommons.ca/Members/en/lianne-rood(105210)","59 in the current session","28 in the current session"
"264","Anthony Rota","Liberal","/Members/en/anthony-rota(25452)","https://www.ourcommons.ca/Members/en/anthony-rota(25452)","4664 in the current session","35 in the current session"
"265","Alex Ruff","Conservative","/Members/en/alex-ruff(105070)","https://www.ourcommons.ca/Members/en/alex-ruff(105070)","116 in the current session","204 in the current session"
"266","Ruby Sahota","Liberal","/Members/en/ruby-sahota(88698)","https://www.ourcommons.ca/Members/en/ruby-sahota(88698)","54 in the current session","105 in the current session"
"267","Harjit S. Sajjan","Liberal","/Members/en/harjit-s-sajjan(89497)","https://www.ourcommons.ca/Members/en/harjit-s-sajjan(89497)","36 in the current session","88 in the current session"
"268","Ya'ara Saks","Liberal","/Members/en/yaara-saks(107099)","https://www.ourcommons.ca/Members/en/yaara-saks(107099)","84 in the current session","175 in the current session"
"269","Darrell Samson","Liberal","/Members/en/darrell-samson(88333)","https://www.ourcommons.ca/Members/en/darrell-samson(88333)","103 in the current session","66 in the current session"
"270","Randeep Sarai","Liberal","/Members/en/randeep-sarai(89339)","https://www.ourcommons.ca/Members/en/randeep-sarai(89339)","63 in the current session","1016 in the current session"
"271","Simon-Pierre Savard-Tremblay","Bloc Québécois","/Members/en/simon-pierre-savard-tremblay(104944)","https://www.ourcommons.ca/Members/en/simon-pierre-savard-tremblay(104944)","153 in the current session","288 in the current session"
"272","Francis Scarpaleggia","Liberal","/Members/en/francis-scarpaleggia(25453)","https://www.ourcommons.ca/Members/en/francis-scarpaleggia(25453)","129 in the current session","980 in the current session"
"273","Andrew Scheer","Conservative","/Members/en/andrew-scheer(25454)","https://www.ourcommons.ca/Members/en/andrew-scheer(25454)","67 in the current session","56 in the current session"
"274","Peter Schiefke","Liberal","/Members/en/peter-schiefke(88649)","https://www.ourcommons.ca/Members/en/peter-schiefke(88649)","32 in the current session","751 in the current session"
"275","Jamie Schmale","Conservative","/Members/en/jamie-schmale(88770)","https://www.ourcommons.ca/Members/en/jamie-schmale(88770)","72 in the current session","170 in the current session"
"276","Kyle Seeback","Conservative","/Members/en/kyle-seeback(58841)","https://www.ourcommons.ca/Members/en/kyle-seeback(58841)","75 in the current session","217 in the current session"
"277","Marc G. Serré","Liberal","/Members/en/marc-g-serre(88874)","https://www.ourcommons.ca/Members/en/marc-g-serre(88874)","41 in the current session","109 in the current session"
"278","Judy A. Sgro","Liberal","/Members/en/judy-a-sgro(1787)","https://www.ourcommons.ca/Members/en/judy-a-sgro(1787)","75 in the current session","844 in the current session"
"279","Brenda Shanahan","Liberal","/Members/en/brenda-shanahan(88442)","https://www.ourcommons.ca/Members/en/brenda-shanahan(88442)","59 in the current session","103 in the current session"
"280","Terry Sheehan","Liberal","/Members/en/terry-sheehan(88944)","https://www.ourcommons.ca/Members/en/terry-sheehan(88944)","10 in the current session","80 in the current session"
"281","Martin Shields","Conservative","/Members/en/martin-shields(89109)","https://www.ourcommons.ca/Members/en/martin-shields(89109)","34 in the current session","143 in the current session"
"282","Doug Shipley","Conservative","/Members/en/doug-shipley(105031)","https://www.ourcommons.ca/Members/en/doug-shipley(105031)","20 in the current session","110 in the current session"
"283","Maninder Sidhu","Liberal","/Members/en/maninder-sidhu(105045)","https://www.ourcommons.ca/Members/en/maninder-sidhu(105045)","44 in the current session","67 in the current session"
"284","Sonia Sidhu","Liberal","/Members/en/sonia-sidhu(88703)","https://www.ourcommons.ca/Members/en/sonia-sidhu(88703)","37 in the current session","212 in the current session"
"285","Mario Simard","Bloc Québécois","/Members/en/mario-simard(104773)","https://www.ourcommons.ca/Members/en/mario-simard(104773)","201 in the current session","229 in the current session"
"286","Nathalie Sinclair-Desgagné","Bloc Québécois","/Members/en/nathalie-sinclair-desgagne(110300)","https://www.ourcommons.ca/Members/en/nathalie-sinclair-desgagne(110300)","76 in the current session","210 in the current session"
"287","Jagmeet Singh","NDP","/Members/en/jagmeet-singh(71588)","https://www.ourcommons.ca/Members/en/jagmeet-singh(71588)","231 in the current session","None in the current session"
"288","Clifford Small","Conservative","/Members/en/clifford-small(109867)","https://www.ourcommons.ca/Members/en/clifford-small(109867)","115 in the current session","163 in the current session"
"289","Francesco Sorbara","Liberal","/Members/en/francesco-sorbara(88999)","https://www.ourcommons.ca/Members/en/francesco-sorbara(88999)","187 in the current session","95 in the current session"
"290","Gerald Soroka","Conservative","/Members/en/gerald-soroka(105751)","https://www.ourcommons.ca/Members/en/gerald-soroka(105751)","54 in the current session","74 in the current session"
"291","Warren Steinley","Conservative","/Members/en/warren-steinley(105581)","https://www.ourcommons.ca/Members/en/warren-steinley(105581)","143 in the current session","64 in the current session"
"292","Gabriel Ste-Marie","Bloc Québécois","/Members/en/gabriel-ste-marie(88485)","https://www.ourcommons.ca/Members/en/gabriel-ste-marie(88485)","284 in the current session","614 in the current session"
"293","Jake Stewart","Conservative","/Members/en/jake-stewart(109951)","https://www.ourcommons.ca/Members/en/jake-stewart(109951)","92 in the current session","242 in the current session"
"294","Pascale St-Onge","Liberal","/Members/en/pascale-st-onge(110044)","https://www.ourcommons.ca/Members/en/pascale-st-onge(110044)","21 in the current session","72 in the current session"
"295","Mark Strahl","Conservative","/Members/en/mark-strahl(71986)","https://www.ourcommons.ca/Members/en/mark-strahl(71986)","32 in the current session","22 in the current session"
"296","Shannon Stubbs","Conservative","/Members/en/shannon-stubbs(89198)","https://www.ourcommons.ca/Members/en/shannon-stubbs(89198)","67 in the current session","32 in the current session"
"297","Jenna Sudds","Liberal","/Members/en/jenna-sudds(110459)","https://www.ourcommons.ca/Members/en/jenna-sudds(110459)","35 in the current session","72 in the current session"
"298","Filomena Tassi","Liberal","/Members/en/filomena-tassi(88784)","https://www.ourcommons.ca/Members/en/filomena-tassi(88784)","262 in the current session","106 in the current session"
"299","Leah Taylor Roy","Liberal","/Members/en/leah-taylor-roy(105024)","https://www.ourcommons.ca/Members/en/leah-taylor-roy(105024)","60 in the current session","182 in the current session"
"300","Luc Thériault","Bloc Québécois","/Members/en/luc-theriault(88552)","https://www.ourcommons.ca/Members/en/luc-theriault(88552)","130 in the current session","323 in the current session"
"301","Alain Therrien","Bloc Québécois","/Members/en/alain-therrien(104783)","https://www.ourcommons.ca/Members/en/alain-therrien(104783)","207 in the current session","141 in the current session"
"302","Rachael Thomas","Conservative","/Members/en/rachael-thomas(89200)","https://www.ourcommons.ca/Members/en/rachael-thomas(89200)","94 in the current session","427 in the current session"
"303","Joanne Thompson","Liberal","/Members/en/joanne-thompson(109877)","https://www.ourcommons.ca/Members/en/joanne-thompson(109877)","37 in the current session","208 in the current session"
"304","Corey Tochor","Conservative","/Members/en/corey-tochor(84882)","https://www.ourcommons.ca/Members/en/corey-tochor(84882)","22 in the current session","155 in the current session"
"305","Fraser Tolmie","Conservative","/Members/en/fraser-tolmie(110800)","https://www.ourcommons.ca/Members/en/fraser-tolmie(110800)","51 in the current session","76 in the current session"
"306","Justin Trudeau","Liberal","/Members/en/justin-trudeau(58733)","https://www.ourcommons.ca/Members/en/justin-trudeau(58733)","1027 in the current session","None in the current session"
"307","Denis Trudel","Bloc Québécois","/Members/en/denis-trudel(88530)","https://www.ourcommons.ca/Members/en/denis-trudel(88530)","215 in the current session","124 in the current session"
"308","Ryan Turnbull","Liberal","/Members/en/ryan-turnbull(105480)","https://www.ourcommons.ca/Members/en/ryan-turnbull(105480)","118 in the current session","241 in the current session"
"309","Tim Uppal","Conservative","/Members/en/tim-uppal(30645)","https://www.ourcommons.ca/Members/en/tim-uppal(30645)","31 in the current session","34 in the current session"
"310","Rechie Valdez","Liberal","/Members/en/rechie-valdez(110538)","https://www.ourcommons.ca/Members/en/rechie-valdez(110538)","40 in the current session","195 in the current session"
"311","Tony Van Bynen","Liberal","/Members/en/tony-van-bynen(105270)","https://www.ourcommons.ca/Members/en/tony-van-bynen(105270)","39 in the current session","111 in the current session"
"312","Adam van Koeverden","Liberal","/Members/en/adam-van-koeverden(105242)","https://www.ourcommons.ca/Members/en/adam-van-koeverden(105242)","218 in the current session","155 in the current session"
"313","Tako Van Popta","Conservative","/Members/en/tako-van-popta(105811)","https://www.ourcommons.ca/Members/en/tako-van-popta(105811)","99 in the current session","132 in the current session"
"314","Dan Vandal","Liberal","/Members/en/dan-vandal(89045)","https://www.ourcommons.ca/Members/en/dan-vandal(89045)","32 in the current session","12 in the current session"
"315","Anita Vandenbeld","Liberal","/Members/en/anita-vandenbeld(71738)","https://www.ourcommons.ca/Members/en/anita-vandenbeld(71738)","48 in the current session","116 in the current session"
"316","Karen Vecchio","Conservative","/Members/en/karen-vecchio(88742)","https://www.ourcommons.ca/Members/en/karen-vecchio(88742)","104 in the current session","980 in the current session"
"317","Gary Vidal","Conservative","/Members/en/gary-vidal(105562)","https://www.ourcommons.ca/Members/en/gary-vidal(105562)","57 in the current session","115 in the current session"
"318","Dominique Vien","Conservative","/Members/en/dominique-vien(110009)","https://www.ourcommons.ca/Members/en/dominique-vien(110009)","80 in the current session","194 in the current session"
"319","Arnold Viersen","Conservative","/Members/en/arnold-viersen(89211)","https://www.ourcommons.ca/Members/en/arnold-viersen(89211)","253 in the current session","85 in the current session"
"320","Julie Vignola","Bloc Québécois","/Members/en/julie-vignola(104656)","https://www.ourcommons.ca/Members/en/julie-vignola(104656)","239 in the current session","392 in the current session"
"321","René Villemure","Bloc Québécois","/Members/en/rene-villemure(110306)","https://www.ourcommons.ca/Members/en/rene-villemure(110306)","164 in the current session","561 in the current session"
"322","Arif Virani","Liberal","/Members/en/arif-virani(88910)","https://www.ourcommons.ca/Members/en/arif-virani(88910)","108 in the current session","345 in the current session"
"323","Brad Vis","Conservative","/Members/en/brad-vis(89289)","https://www.ourcommons.ca/Members/en/brad-vis(89289)","199 in the current session","160 in the current session"
"324","Kevin Vuong","Independent","/Members/en/kevin-vuong(110654)","https://www.ourcommons.ca/Members/en/kevin-vuong(110654)","83 in the current session","None in the current session"
"325","Cathay Wagantall","Conservative","/Members/en/cathay-wagantall(89098)","https://www.ourcommons.ca/Members/en/cathay-wagantall(89098)","87 in the current session","124 in the current session"
"326","Chris Warkentin","Conservative","/Members/en/chris-warkentin(35886)","https://www.ourcommons.ca/Members/en/chris-warkentin(35886)","24 in the current session","13 in the current session"
"327","Kevin Waugh","Conservative","/Members/en/kevin-waugh(89084)","https://www.ourcommons.ca/Members/en/kevin-waugh(89084)","41 in the current session","263 in the current session"
"328","Len Webber","Conservative","/Members/en/len-webber(89116)","https://www.ourcommons.ca/Members/en/len-webber(89116)","15 in the current session","None in the current session"
"329","Patrick Weiler","Liberal","/Members/en/patrick-weiler(105918)","https://www.ourcommons.ca/Members/en/patrick-weiler(105918)","62 in the current session","151 in the current session"
"330","Jonathan Wilkinson","Liberal","/Members/en/jonathan-wilkinson(89300)","https://www.ourcommons.ca/Members/en/jonathan-wilkinson(89300)","96 in the current session","192 in the current session"
"331","Ryan Williams","Conservative","/Members/en/ryan-williams(110330)","https://www.ourcommons.ca/Members/en/ryan-williams(110330)","83 in the current session","329 in the current session"
"332","John Williamson","Conservative","/Members/en/john-williamson(71323)","https://www.ourcommons.ca/Members/en/john-williamson(71323)","50 in the current session","418 in the current session"
"333","Jean Yip","Liberal","/Members/en/jean-yip(98747)","https://www.ourcommons.ca/Members/en/jean-yip(98747)","22 in the current session","175 in the current session"
"334","Salma Zahid","Liberal","/Members/en/salma-zahid(88950)","https://www.ourcommons.ca/Members/en/salma-zahid(88950)","50 in the current session","1121 in the current session"
"335","Bonita Zarrillo","NDP","/Members/en/bonita-zarrillo(105837)","https://www.ourcommons.ca/Members/en/bonita-zarrillo(105837)","176 in the current session","312 in the current session"
"336","Bob Zimmer","Conservative","/Members/en/bob-zimmer(72035)","https://www.ourcommons.ca/Members/en/bob-zimmer(72035)","122 in the current session","168 in the current session"
"337","Sameer Zuberi","Liberal","/Members/en/sameer-zuberi(54157)","https://www.ourcommons.ca/Members/en/sameer-zuberi(54157)","26 in the current session","318 in the current session"
